{
  "episode_id": "c51e6940-8db9-4dc9-9199-b488df9d6e45",
  "success": true,
  "final_score": 0.9800000000000001,
  "duration": 49.93809366226196,
  "executions": [
    