{
  "episode_id": "1d906856-cadd-4305-aac0-41bed4cfe3db",
  "duration": 37.473713874816895,
  "success": true,
  "score": 0.9800000000000001,
  "plan_steps": 7,
  "executions": 7,
  "verifications": 7,
  "screenshots": 14
}