{
  "episode_id": "405997a7-27c7-4cc4-b3b8-eb195e8b664b",
  "duration": 13.010493755340576,
  "success": false,
  "score": 0.48000000000000004,
  "plan_steps": 3,
  "executions": 3,
  "verifications": 3,
  "screenshots": 6
}