{
  "episode_id": "f3f2a079-c4b8-4532-af80-f66cbfd8db91",
  "duration": 41.84452843666077,
  "success": true,
  "score": 0.9800000000000001,
  "plan_steps": 6,
  "executions": 6,
  "verifications": 6,
  "screenshots": 6
}