{
  "episode_id": "e3273e9a-dc64-461d-9307-ec784c50ffd3",
  "duration": 200.8820948600769,
  "success": false,
  "score": 0.42000000000000004,
  "plan_steps": 7,
  "executions": 7,
  "verifications": 7,
  "screenshots": 14
}