{
  "episode_id": "cada8546-dbf4-4408-b338-65451adbe5b2",
  "duration": 4.924111604690552,
  "success": true,
  "score": 0.9800000000000001,
  "plan_steps": 3,
  "executions": 3,
  "verifications": 3,
  "screenshots": 3
}