{
  "episode_id": "0d97fcd7-4ff0-47ff-81c4-eea69dc3f395",
  "duration": 5.704358339309692,
  "success": true,
  "score": 0.9800000000000001,
  "plan_steps": 3,
  "executions": 3,
  "verifications": 3,
  "screenshots": 3
}