{
  "episode_id": "9093ecae-1dec-4586-b813-61070c1f3ecc",
  "duration": 4.227573394775391,
  "success": true,
  "score": 0.9800000000000001,
  "plan_steps": 3,
  "executions": 3,
  "verifications": 3,
  "screenshots": 3
}