{
  "episode_id": "b5743ffb-a147-4edd-8a34-ae7ad466ab47",
  "duration": 13.010639905929565,
  "success": false,
  "score": 0.48000000000000004,
  "plan_steps": 3,
  "executions": 3,
  "verifications": 3,
  "screenshots": 6
}