{
  "episode_id": "bbe80575-f9d5-4df2-8c39-82a64b20cd8e",
  "duration": 6.322205305099487,
  "success": true,
  "score": 0.9800000000000001,
  "plan_steps": 3,
  "executions": 3,
  "verifications": 3,
  "screenshots": 3
}