{
  "episode_id": "b43de4c4-577a-4d7e-b208-81352abc3403",
  "duration": 4.337311506271362,
  "success": true,
  "score": 0.9800000000000001,
  "plan_steps": 3,
  "executions": 3,
  "verifications": 3,
  "screenshots": 3
}