{
  "episode_id": "046892f2-0328-4537-b71d-db1c14455267",
  "duration": 44.33820033073425,
  "success": true,
  "score": 0.9800000000000001,
  "plan_steps": 6,
  "executions": 6,
  "verifications": 6,
  "screenshots": 12
}