{
  "episode_id": "c69d28a4-fd76-47c5-8335-4942dd852919",
  "duration": 5.826130151748657,
  "success": true,
  "score": 0.9800000000000001,
  "plan_steps": 3,
  "executions": 3,
  "verifications": 3,
  "screenshots": 3
}