{
  "episode_id": "23c2bc67-1493-43e6-a7a1-d5633e538437",
  "duration": 3.0018837451934814,
  "success": true,
  "score": 0.9800000000000001,
  "plan_steps": 3,
  "executions": 3,
  "verifications": 3,
  "screenshots": 6
}