{
  "episode_id": "847de5aa-a355-47ff-b9dd-e6f81ef522b7",
  "duration": 5.418408632278442,
  "success": true,
  "score": 0.9800000000000001,
  "plan_steps": 3,
  "executions": 3,
  "verifications": 3,
  "screenshots": 3
}