{
  "episode_id": "e6ac0278-f0bd-4798-b9ed-9e5e180952cf",
  "duration": 52.71311831474304,
  "success": true,
  "score": 0.9800000000000001,
  "plan_steps": 7,
  "executions": 7,
  "verifications": 7,
  "screenshots": 14
}