{
  "episode_id": "3f6b7168-04a4-420f-b5f7-1f5f8b36fb6a",
  "duration": 5.833408355712891,
  "success": true,
  "score": 0.9800000000000001,
  "plan_steps": 3,
  "executions": 3,
  "verifications": 3,
  "screenshots": 3
}