{
  "episode_id": "6d1e996c-9df2-4c7f-80ef-6234313b8893",
  "duration": 52.15943741798401,
  "success": true,
  "score": 0.9800000000000001,
  "plan_steps": 7,
  "executions": 7,
  "verifications": 7,
  "screenshots": 7
}