{
  "episode_id": "e7ba1b1f-fc8b-48b1-bc00-3d147f6e96db",
  "duration": 44.42403173446655,
  "success": true,
  "score": 0.9600000000000001,
  "plan_steps": 6,
  "executions": 6,
  "verifications": 6,
  "screenshots": 12
}