{
  "episode_id": "ac2bff68-ea54-47ce-871b-246c76a2b21e",
  "duration": 5.590667247772217,
  "success": true,
  "score": 0.9800000000000001,
  "plan_steps": 3,
  "executions": 3,
  "verifications": 3,
  "screenshots": 3
}