{
  "episode_id": "db06dce3-14cf-43d9-afbd-51235327978f",
  "duration": 4.584079265594482,
  "success": true,
  "score": 0.9800000000000001,
  "plan_steps": 3,
  "executions": 3,
  "verifications": 3,
  "screenshots": 3
}