{
  "episode_id": "5b1447de-dfda-434b-804c-c2b009632514",
  "duration": 69.3838403224945,
  "success": true,
  "score": 0.9800000000000001,
  "plan_steps": 8,
  "executions": 8,
  "verifications": 8,
  "screenshots": 16
}