{
  "episode_id": "2ae1321f-94fe-48be-8d60-0f15fb36c8ed",
  "duration": 4.138663291931152,
  "success": true,
  "score": 0.9800000000000001,
  "plan_steps": 3,
  "executions": 3,
  "verifications": 3,
  "screenshots": 3
}