{
  "episode_id": "1ddbc03c-4066-403a-98b1-12a8a4d93b34",
  "duration": 6.6072776317596436,
  "success": true,
  "score": 0.9800000000000001,
  "plan_steps": 3,
  "executions": 3,
  "verifications": 3,
  "screenshots": 3
}