{
  "episode_id": "ebcb9e05-92ff-4784-ad1c-75f79d4293e0",
  "duration": 12.015591621398926,
  "success": false,
  "score": 0.48000000000000004,
  "plan_steps": 3,
  "executions": 3,
  "verifications": 3,
  "screenshots": 6
}