{
  "episode_id": "46ff535a-c1e7-49ab-bff6-182de0510970",
  "duration": 49.87537479400635,
  "success": true,
  "score": 0.9800000000000001,
  "plan_steps": 7,
  "executions": 7,
  "verifications": 7,
  "screenshots": 7
}