{
  "episode_id": "578840ba-3091-48c4-8096-e839c65b729c",
  "duration": 54.52953910827637,
  "success": true,
  "score": 0.9600000000000001,
  "plan_steps": 8,
  "executions": 8,
  "verifications": 8,
  "screenshots": 16
}