{
  "episode_id": "4cf87aec-9cb6-432f-be55-0c1fe0c03f41",
  "duration": 13.013221979141235,
  "success": false,
  "score": 0.48000000000000004,
  "plan_steps": 3,
  "executions": 3,
  "verifications": 3,
  "screenshots": 6
}