{
  "episode_id": "454e5f98-3239-47b9-8c0e-74406ffec1a7",
  "duration": 12.00606656074524,
  "success": false,
  "score": 0.48000000000000004,
  "plan_steps": 3,
  "executions": 3,
  "verifications": 3,
  "screenshots": 6
}