{
  "episode_id": "2e9ade58-1a14-4d65-beb3-d1ae450df7de",
  "duration": 58.92451477050781,
  "success": true,
  "score": 0.9800000000000001,
  "plan_steps": 8,
  "executions": 8,
  "verifications": 8,
  "screenshots": 16
}