{
  "episode_id": "6266b5b7-f2cb-4174-911f-76beedfde0f2",
  "duration": 107.1301953792572,
  "success": true,
  "score": 0.9800000000000001,
  "plan_steps": 7,
  "executions": 7,
  "verifications": 7,
  "screenshots": 7
}