{
  "episode_id": "5f878e90-dc12-40b0-9185-11175e7e5b3f",
  "duration": 13.013028860092163,
  "success": false,
  "score": 0.48000000000000004,
  "plan_steps": 3,
  "executions": 3,
  "verifications": 3,
  "screenshots": 6
}