{
  "episode_id": "674145c7-4850-41ff-9d36-a1e1ff9444b8",
  "duration": 122.16817712783813,
  "success": true,
  "score": 0.8600000000000001,
  "plan_steps": 8,
  "executions": 8,
  "verifications": 8,
  "screenshots": 16
}