{
  "episode_id": "132856c0-f537-4c0b-a7d8-3abdb3160004",
  "duration": 70.45531749725342,
  "success": true,
  "score": 0.9600000000000001,
  "plan_steps": 8,
  "executions": 8,
  "verifications": 8,
  "screenshots": 16
}