{
  "episode_id": "0feb7a4b-c284-4517-9f22-4722888a90f1",
  "duration": 117.91913890838623,
  "success": true,
  "score": 0.9600000000000001,
  "plan_steps": 7,
  "executions": 7,
  "verifications": 7,
  "screenshots": 14
}