{
  "episode_id": "d3caf607-d876-4d72-b7b5-2fa969d93ae2",
  "duration": 72.64435744285583,
  "success": true,
  "score": 0.9800000000000001,
  "plan_steps": 8,
  "executions": 8,
  "verifications": 8,
  "screenshots": 8
}