{
  "episode_id": "30a9eb9c-4244-41a3-9261-951752f1e514",
  "duration": 109.01134133338928,
  "success": true,
  "score": 0.9800000000000001,
  "plan_steps": 8,
  "executions": 8,
  "verifications": 8,
  "screenshots": 16
}