{
  "episode_id": "91812d3e-a68b-4615-b5c4-2e1aaac9e9e0",
  "duration": 12.006777048110962,
  "success": false,
  "score": 0.48000000000000004,
  "plan_steps": 3,
  "executions": 3,
  "verifications": 3,
  "screenshots": 6
}