{
  "episode_id": "3e0efc2e-ced1-4248-8f39-e84f7fe01c7e",
  "duration": 3.0024070739746094,
  "success": true,
  "score": 0.9800000000000001,
  "plan_steps": 3,
  "executions": 3,
  "verifications": 3,
  "screenshots": 6
}