{
  "episode_id": "618db02d-0934-413c-8aeb-e2d87f677076",
  "duration": 12.011413335800171,
  "success": false,
  "score": 0.48000000000000004,
  "plan_steps": 3,
  "executions": 3,
  "verifications": 3,
  "screenshots": 6
}