{
  "episode_id": "bd3a73bd-5780-4cfc-8b12-5bb0d0cb8462",
  "duration": 42.5711464881897,
  "success": true,
  "score": 0.9800000000000001,
  "plan_steps": 7,
  "executions": 7,
  "verifications": 7,
  "screenshots": 14
}