{
  "episode_id": "c3136834-3fc8-466f-9ca3-c4f3f8cb3ed1",
  "duration": 12.01124906539917,
  "success": false,
  "score": 0.48000000000000004,
  "plan_steps": 3,
  "executions": 3,
  "verifications": 3,
  "screenshots": 6
}