{
  "episode_id": "21b04c74-43af-4d22-b837-6510ccd669e1",
  "duration": 5.386148691177368,
  "success": true,
  "score": 0.9800000000000001,
  "plan_steps": 3,
  "executions": 3,
  "verifications": 3,
  "screenshots": 3
}