{
  "episode_id": "78298e4f-57f5-4e73-b4a3-20a1646920a3",
  "duration": 5.501604080200195,
  "success": true,
  "score": 0.9800000000000001,
  "plan_steps": 3,
  "executions": 3,
  "verifications": 3,
  "screenshots": 3
}