{
  "episode_id": "76ce3bb4-e528-45c5-a5be-280ac2afda66",
  "duration": 5.563277244567871,
  "success": true,
  "score": 0.9800000000000001,
  "plan_steps": 3,
  "executions": 3,
  "verifications": 3,
  "screenshots": 3
}