{
  "episode_id": "263a455d-8917-4174-93f9-b36832901945",
  "duration": 5.555558919906616,
  "success": true,
  "score": 0.9800000000000001,
  "plan_steps": 3,
  "executions": 3,
  "verifications": 3,
  "screenshots": 3
}