{
  "episode_id": "71ae0c54-9c48-4f22-be63-535f1e3c5a3d",
  "duration": 5.050820350646973,
  "success": true,
  "score": 0.9800000000000001,
  "plan_steps": 3,
  "executions": 3,
  "verifications": 3,
  "screenshots": 3
}