{
  "episode_id": "da3da1fb-b064-4f93-8e86-47d0c361c4fc",
  "duration": 5.412039279937744,
  "success": true,
  "score": 0.9800000000000001,
  "plan_steps": 3,
  "executions": 3,
  "verifications": 3,
  "screenshots": 3
}